{"('Social', 'Gaze')": {"GestureA": 8.992284221228202, "GestureB": 9.999997454135324, "GestureC": 7.968750805723661}, "('Social', 'No Gaze')": {"GestureA": 9.99999734318791, "GestureB": 8.962735816895282, "GestureC": 7.985428235043845}, "('Alarmed', 'Gaze')": {"ActionA": 9.999997257738965, "ActionB": 8.968004500491213, "ActionC": 7.916190278285401}, "('Alarmed', 'No Gaze')": {"ActionA": 8.995051114945303, "ActionB": 9.999997374251251, "ActionC": 7.9833775761747034}}